Restaurant Name,Zip Code,Inspection Date,Score,Address,Facility ID,Process Description
183 Grill Austin Gyros,78729,1/28/2016,95,"13729 N US 183 HWY NB Unit 890
AUSTIN, TX 78729
",11368998,Routine Inspection
6M Grocery,78652,4/27/2015,93,"805 W FM 1626 RD
AUSTIN, TX 78652
",2803436,Routine Inspection
7 Eleven # 32248,78717,2/8/2016,80,"14016 N FM 620 RD SB
AUSTIN, TX 78717
",10886896,Routine Inspection
7 Eleven #36575,78660,1/23/2017,96,"15829 N IH 35 SVRD NB
AUSTIN, TX 78660
",10874330,Routine Inspection
7-Eleven #36562H,78744,1/29/2015,78,"6422 S US 183 HWY SB
AUSTIN, TX 78744
",10874472,Routine Inspection
7-Eleven 36559H,78734,1/28/2015,89,"3636 N FM 620 RD
AUSTIN, TX 78734
",10874261,Routine Inspection
7-Eleven Convenience Store # 36564A,78732,2/2/2015,100,"7002 N FM 620 RD
AUSTIN, TX 78732
",11066939,Routine Inspection
7-Eleven Convenience Store #36597A,78749,3/29/2016,99,"5445 W US 290 HWY EB
AUSTIN, TX 78749
",11087909,Routine Inspection
7-Eleven Convenience Store #36599A,78750,12/6/2016,95,"11613 N FM 620 RD
AUSTIN, TX 78750
",11522598,Routine Inspection
827 Ray's Kitchen + Cellar,78734,1/27/2017,83,"3519 N FM 620 RD
AUSTIN, TX 78734
",11523857,Routine Inspection
A+A Sichuan China,78750,1/18/2017,77,"13376 N US 183 HWY SB Unit 100
AUSTIN, TX 78750
",11426430,Routine Inspection
ABC's & 123's Infant and Child Care Cntr,78653,1/18/2017,94,"13419 E US 290 HWY EB
MANOR, TX 78653
",2802997,Routine Inspection
Alamo Drafthouse Cinema,78613,4/15/2015,92,"14028 N US 183 HWY SVRD SB Bldg F
AUSTIN, TX 78613
",10978489,Routine Inspection
Almarah Mediterranean Cuisine,78750,1/6/2016,97,"12129 N FM 620 RD Bunit 450
AUSTIN, TX 78750
",11359418,Routine Inspection
"Amy's Ice Creams, Inc",78729,1/6/2015,89,"13265 N US 183 HWY NB Unit C
AUSTIN, TX 78729
",11008921,Routine Inspection
"Angel Donuts & Treats, LLC",78726,1/27/2015,96,"8300 N FM 620 RD Bunit 200
AUSTIN, TX 78726
",10790411,Routine Inspection
Angel's Ice House,78669,1/20/2017,99,"21815 W SH 71
SPICEWOOD, TX 78669
",2802178,Routine Inspection
Apis Restaurant,78669,3/31/2016,98,"23526 W SH 71
SPICEWOOD, TX 78669
",11272878,Routine Inspection
Applebee's,78735,6/1/2015,94,"5010 W US 290 HWY WB
AUSTIN, TX 78735
",10870106,Routine Inspection
Applied Materials,78754,2/11/2016,92,"9700 E US 290 HWY SVRD WB
AUSTIN, TX 78754
",10527315,Routine Inspection
Ashley's Playhouse,78729,1/7/2016,97,"13343 N US 183 HWY NB Unit 200
AUSTIN, TX 78729
",11078207,Routine Inspection
Asian Beverage Corp.,78660,2/10/2017,96,"1200 W HOWARD LN Bunit O
AUSTIN, TX 78660
",2802746,Routine Inspection
Austex Shell,78750,3/11/2015,92,"13296 N US 183 HWY SB
AUSTIN, TX 78750
",10103836,Routine Inspection
Austin Golf Club,78669,2/29/2016,87,"24900 W SH 71
SPICEWOOD, TX 78669
",2801719,Routine Inspection
Austin Gourmet Popcorn,78729,4/13/2016,97,"13343 N US 183 HWY NB Unit 250
AUSTIN, TX 78729
",11423650,Routine Inspection
Austin Transitional Center,78617,1/8/2015,100,"3154 E SH 71 EB
AUSTIN, TX 78617
",10402997,Routine Inspection
Austin's Park n Pizza,78660,4/27/2015,82,"16231 N IH 35 SVRD NB
AUSTIN, TX 78660
",2801896,Routine Inspection
Austin's Pizza,78660,4/7/2016,98,"15424 FM 1825 RD Bunit 230
AUSTIN, TX 78660
",10220410,Routine Inspection
BC - Baguette et Chocolat,78738,3/12/2015,100,"12101 FM 2244 RD Bldg 6
BEE CAVE, TX 78738
",10393760,Routine Inspection
BC - Bamam,78738,1/9/2015,94,"14211 W SH 71
BEE CAVE, TX 78738
",10737435,Routine Inspection
BC - Chick-Fil-A of Lake Travis,78738,1/12/2016,100,"3600 S FM 620 RD Bldg C
BEE CAVE, TX 78738
",10260547,Routine Inspection
BC - Einstein Bros. Bagels #3633,78738,1/27/2017,99,"12532 FM 2244 RD Bunit 100
BEE CAVE, TX 78738
",11258261,Routine Inspection
BC - Emerald Restaurant,78738,2/20/2015,80,"13614 W SH 71
BEE CAVE, TX 78738
",10260786,Routine Inspection
BC - Grace House of Lake Travis (East),78738,1/5/2015,100,"11825 FM 2244 RD
BEE CAVE, TX 78738
",10260860,Routine Inspection
BC - Grace House of Lake Travis (West),78738,1/5/2015,100,"11825 FM 2244 RD
BEE CAVE, TX 78738
",10274273,Routine Inspection
BC - HEB Food Store #404,78738,1/5/2017,100,"12400 W SH 71
BEE CAVE, TX 78738
",10260892,Routine Inspection
BC - HEB Food Store #404 (Deli/Bakery),78738,1/5/2017,100,"12400 W SH 71
BEE CAVE, TX 78738
",10260923,Routine Inspection
BC - Hill Country Food Mart,78738,4/14/2015,82,"13908 W SH 71 Bldg A
BEE CAVE, TX 78738
",10426941,Routine Inspection
BC - Jersey Giant Pizza,78738,2/24/2015,100,"13908 W SH 71
BEE CAVE, TX 78738
",11077106,Routine Inspection
BC - Kwik Chek #55,78738,1/26/2015,97,"14417 W SH 71 Bldg A
BEE CAVE, TX 78738
",10374866,Routine Inspection
BC - Lake Hills Church,78738,3/16/2015,100,"11521 FM 2244 RD
BEE CAVE, TX 78738
",10934346,Routine Inspection
BC - Learn and Laugh Preschool,78738,1/27/2017,95,"11715 FM 2244 RD
BEE CAVE, TX 78738
",11276316,Routine Inspection
BC - Los Pinos Restaurant #2,78738,2/12/2015,96,"11715 FM 2244 RD
BEE CAVE, TX 78738
",10945087,Routine Inspection
BC - McDonald's #8056,78738,2/6/2017,92,"12514 W SH 71
BEE CAVE, TX 78738
",10261051,Routine Inspection
BC - Napolis Italian Restaurant,78738,3/12/2015,83,"11905 FM 2244 RD Unit 100
BEE CAVE, TX 78738
",10631799,Routine Inspection
BC - Pizza Hut,78738,3/19/2015,96,"3620 S FM 620 RD Unit 160
BEE CAVE, TX 78738
",11216206,Routine Inspection
BC - Rocco's Grill,78738,1/25/2016,84,"12432 FM 2244 RD
BEE CAVE, TX 78738
",11336728,Routine Inspection
BC - Rosie's Tamale House,78738,1/27/2017,95,"13436 W SH 71
BEE CAVE, TX 78738
",10261963,Routine Inspection
BC - Salsas Restaurant,78738,1/10/2017,88,"3480 S FM 620 RD
BEE CAVE, TX 78738
",11389510,Routine Inspection
BC - Schmidt Family Barbecue,78738,2/24/2015,96,"12532 FM 2244 RD
BEE CAVE, TX 78738
",10967911,Routine Inspection
BC - Speedy Stop #116,78738,2/6/2017,97,"13006 W SH 71
BEE CAVE, TX 78738
",10974171,Routine Inspection
BC - Starbucks Coffee #6397,78738,4/22/2015,100,"12400 W SH 71 Unit 710
BEE CAVE, TX 78738
",10261986,Routine Inspection
BC - Subway #15557,78738,1/17/2017,100,"11701 FM 2244 RD
BEE CAVE, TX 78738
",10305357,Routine Inspection
BC - Target # 1812 - Pizza Hut,78738,4/16/2015,100,"3702 S FM 620 RD
BEE CAVE, TX 78738
",10262029,Routine Inspection
BC - Target #1812,78738,4/16/2015,100,"3702 S FM 620 RD
BEE CAVE, TX 78738
",10262022,Routine Inspection
BC - ThunderCloud Subs,78738,1/30/2017,96,"12400 W SH 71 Unit 706
BEE CAVE, TX 78738
",11250915,Routine Inspection
BC - Tokyo Gardens Catering,78738,5/27/2014,97,"12400 W SH 71
BEE CAVE, TX 78738
",10262036,Routine Inspection
BC - Yaghi's New York Pizzeria,78738,3/9/2015,88,"12400 W SH 71 Unit 510
BEE CAVE, TX 78738
",10262085,Routine Inspection
Baked By Amy's,78729,1/6/2015,97,"13265 N US 183 HWY NB Unit B
AUSTIN, TX 78729
",11008922,Routine Inspection
Barnes and Nobles Booksellers,78613,4/4/2016,94,"14010 N US 183 HWY SVRD SB
AUSTIN, TX 78613
",2801399,Routine Inspection
Bender Bar and Grill,78745,1/12/2015,77,"321 W BEN WHITE BLVD SVRD EB Unit 300
AUSTIN, TX 78745
",10080957,Routine Inspection
Biryani - N - Grill ,78717,2/13/2017,73,"13945 N US 183 HWY NB Bunit 5
AUSTIN, TX 78717
",11536344,Routine Inspection
Black Walnut Cafe,78730,1/14/2015,88,"10817 FM 2222 RD
AUSTIN, TX 78730
",11034123,Routine Inspection
Blaze Pizza,78717,6/17/2016,89,"14009 N US 183 HWY SVRD NB Unit 103
AUSTIN, TX 78717
",11450489,Routine Inspection
Boat House Grill,78732,2/8/2016,93,"6816 N FM 620 RD Unit B
AUSTIN, TX 78732
",2801482,Routine Inspection
Bombshells,78660,1/12/2016,83,"15119 N IH 35 SVRD NB Bldg C
AUSTIN, TX 78660
",11085152,Routine Inspection
Boomerz Night Club,78735,1/3/2017,95,"6148 W US 290 HWY SVRD WB
AUSTIN, TX 78735
",2803026,Routine Inspection
Branch Bar-B-Que,78728,1/29/2016,87,"1779 W WELLS BRANCH PKWY
AUSTIN, TX 78728
",2800990,Routine Inspection
Bribery Bakery,78728,1/12/2017,90,"2013 W WELLS BRANCH PKWY Unit 109
AUSTIN, TX 78728
",11276650,Routine Inspection
Burger King # 9353,78749,8/25/2016,93,"5033 W US 290 HWY SVRD EB
AUSTIN, TX 78749
",11428784,Routine Inspection
Burger King #3990,78750,10/3/2016,83,"13450 N US 183 HWY SB
AUSTIN, TX 78750
",11428794,Routine Inspection
CC Zing,78750,1/15/2015,93,"12129 N FM 620 RD Bunit 445
AUSTIN, TX 78750
",10454916,Routine Inspection
CEFCO #91,78717,2/18/2016,90,"14200 N FM 620 RD SB
AUSTIN, TX 78717
",10995740,Routine Inspection
CVS/Pharmacy #8322,78750,2/9/2017,98,"11725 N FM 620 RD
AUSTIN, TX 78750
",2804049,Routine Inspection
Caffe Yolly,78750,5/27/2016,95,"12129 N FM 620 RD Bunit 102
AUSTIN, TX 78750
",11343781,Routine Inspection
Carving Board Deli,78752,3/21/2014,100,"6448 E US 290 HWY WB
AUSTIN, TX 78752
",2800214,Routine Inspection
Cedro,78613,1/22/2016,95,"14028 N US 183 HWY SVRD SB Bunit 210
AUSTIN, TX 78613
",11094820,Routine Inspection
Central Star Lodge #1631,78723,4/24/2015,100,"7237 E US 290 HWY EB
AUSTIN, TX 78723
",2800264,Routine Inspection
Cheddar's Casual Cafe,78660,1/5/2015,86,"15119 N IH 35 SVRD NB
AUSTIN, TX 78660
",2802055,Routine Inspection
Cheddars,78729,4/21/2014,83,"13301 N US 183 HWY NB
AUSTIN, TX 78729
",2802482,Routine Inspection
Cherrywood ,78722,5/28/2015,84,"1400 E 38TH HALF ST
AUSTIN, TX 78722
",2802807,Routine Inspection
Chen Z Noodle House,78749,2/11/2015,84,"6705 W US 290 HWY Unit 606
AUSTIN, TX 78749
",11119608,Routine Inspection
China Cafe,78729,1/20/2016,74,"13729 N US 183 HWY NB Unit 695
AUSTIN, TX 78729
",2801517,Routine Inspection
Chinos and Gringos,78749,11/7/2016,96,"6705 W US 290 HWY Bunit 608
AUSTIN, TX 78749
",11495950,Routine Inspection
Chipotle Mexican Grill #847,78758,1/7/2016,98,"10515 N MOPAC EXPY NB Bunit 200
AUSTIN, TX 78758
",10176932,Routine Inspection
Church's Chicken,78729,4/3/2015,89,"13729 N US 183 HWY NB Unit 900
AUSTIN, TX 78729
",10005828,Routine Inspection
CiCi's Pizza,78717,1/25/2016,92,"14005 N US 183 HWY SVRD NB
AUSTIN, TX 78717
",11291687,Routine Inspection
Cindy's Gone Hog Wild,78612,2/2/2015,80,"5496 E SH 71 EB
AUSTIN, TX 78612
",10641968,Routine Inspection
Cindy's Gone Hog Wild,78612,3/14/2016,88,"5496 E SH 71 EB
AUSTIN, TX 78612
",10641968,1st Follow Up to Routine of 50 - 69
Circle K Store #2704675,78617,1/8/2016,88,"2453 SH 71
AUSTIN, TX 78617
",10762466,Routine Inspection
Circle K Store #2704682,78744,2/10/2016,75,"6500 S US 183 HWY SB
AUSTIN, TX 78744
",10762040,Routine Inspection
Circle K Store #2704688,78726,2/23/2015,100,"11000 FM 2222 RD
AUSTIN, TX 78726
",10758287,Routine Inspection
"Coffee Bean & Tea Leaf, The",78735,5/9/2016,96,"5030 W US 290 HWY WB
AUSTIN, TX 78735
",10873741,Routine Inspection
Comfort Suites,78729,1/20/2016,90,"13681 N US 183 HWY NB
AUSTIN, TX 78729
",2801697,Routine Inspection
Corner Store #1311,78735,3/7/2016,100,"7622 W SH 71
AUSTIN, TX 78735
",2803529,Routine Inspection
Corner Store #1570,78748,12/13/2016,97,"11206 S IH 35 SVRD SB
AUSTIN, TX 78748
",11433458,Routine Inspection
Corner Store #2102,78728,1/28/2016,94,"1779 W WELLS BRANCH PKWY
AUSTIN, TX 78728
",2803435,Routine Inspection
Corner Store #238,78617,1/21/2016,87,"2001 E SH 71 SVRD WB
AUSTIN, TX 78617
",2803431,Routine Inspection
Country Home Learning Center #8,78750,2/20/2015,94,"13120 N US 183 HWY SB
AUSTIN, TX 78750
",2800795,Routine Inspection
County Line on the Lake,78731,1/7/2016,92,"5204 FM 2222 RD
AUSTIN, TX 78731
",2800070,Routine Inspection
Cover 2,78729,3/12/2015,93,"13701 N US 183 HWY NB
AUSTIN, TX 78729
",10718846,Routine Inspection
Crawfish Shack and Oyster Bar,78728,1/4/2016,80,"2013 W WELLS BRANCH PKWY
AUSTIN, TX 78728
",10037846,Routine Inspection
Crawfish Shack and Oyster Bar,78728,6/19/2014,86,"2013 W WELLS BRANCH PKWY
AUSTIN, TX 78728
",10037846,1st Follow Up to Routine of 50 - 69
Crawfish Shack and Oyster Bar,78728,11/5/2015,78,"2013 W WELLS BRANCH PKWY
AUSTIN, TX 78728
",10037846,2nd Follow Up to 50 - 69
Creedmoor Elementary School,78747,3/13/2015,100,"5604 FM 1327 RD
CREEDMOOR, TX 78747
",2802859,Routine Inspection
Creek Side Cafe,78759,1/26/2017,98,"8310 N CAPITAL OF TEXAS HWY SB Bunit 155
AUSTIN, TX 78759
",10639178,Routine Inspection
Daily Juice Cafe,78726,2/3/2017,90,"11521 N FM 620 RD Bunit 1500
AUSTIN, TX 78726
",11453935,Routine Inspection
Dairy Queen,78750,1/19/2016,98,"12129 N FM 620 RD
AUSTIN, TX 78750
",2800713,Routine Inspection
Dang Banh Mi,78757,2/9/2016,81,"9070 RESEARCH BLVD SB Unit 201-B 2
AUSTIN, TX 78757
",11158260,Routine Inspection
Davod's Mediterranean Market,78729,1/8/2015,96,"13497 N US 183 HWY NB
AUSTIN, TX 78729
",11169342,Routine Inspection
Delaware Sub Shops,78735,2/17/2017,96,"7212 W SH 71 Unit D
AUSTIN, TX 78735
",11289395,Routine Inspection
Detour,78749,5/13/2015,96,"6705 W US 290 HWY Unit 107
AUSTIN, TX 78749
",2802552,Routine Inspection
Dollar Tree # 3211,78729,2/16/2017,90,"13729 N US 183 HWY NB Unit 650
AUSTIN, TX 78729
",11127582,Routine Inspection
Domino's,78750,2/16/2017,94,"13764 N US 183 HWY SB Unit A
AUSTIN, TX 78750
",11394071,Routine Inspection
Domino's #6592,78735,1/27/2017,96,"7626 W SH 71 Unit 101
AUSTIN, TX 78735
",11372793,Routine Inspection
Dominos,78728,1/27/2016,95,"2013 W WELLS BRANCH PKWY
AUSTIN, TX 78728
",11393783,Routine Inspection
Donn's BBQ,78725,1/11/2016,84,"10003 FM 969 RD
AUSTIN, TX 78725
",10213950,Routine Inspection
Donut & Kolache Express,78750,12/13/2016,88,"13450 N US 183 HWY SB Unit 242
AUSTIN, TX 78750
",11500566,Routine Inspection
"Donut Hole, The",78749,1/12/2017,94,"6863 W US 290 HWY EB
AUSTIN, TX 78749
",10626313,Routine Inspection
Donut Palace,78728,1/26/2016,93,"2113 W WELLS BRANCH PKWY Unit 400-A
AUSTIN, TX 78728
",10353767,Routine Inspection
Donut Taco Palace I,78735,3/16/2015,92,"5446 W US 290 HWY WB Unit 101
AUSTIN, TX 78735
",10628960,Routine Inspection
Double Dave's Pizza,78729,1/19/2016,87,"13343 N US 183 HWY NB Unit 240
AUSTIN, TX 78729
",2802971,Routine Inspection
Dream Dinners,78750,3/25/2016,97,"12129 N FM 620 RD
AUSTIN, TX 78750
",10102975,Routine Inspection
El Agazajo Bar,78744,3/24/2014,97,"2406 S US 183 HWY SB
AUSTIN, TX 78744
",10713239,Routine Inspection
El Agazajo Grill LLC,78744,3/24/2014,90,"2408 S US 183 HWY SB
AUSTIN, TX 78744
",10716700,Routine Inspection
El Faro Taco and Cafe,78728,2/4/2016,90,"1779 W WELLS BRANCH PKWY
AUSTIN, TX 78728
",10001292,Routine Inspection
El Michoacano Mexican Rest.,78617,1/27/2017,84,"2701 E SH 71 WB
AUSTIN, TX 78617
",2800796,Routine Inspection
El Tenampa Bar,78617,1/14/2016,84,"2429 E SH 71 WB
AUSTIN, TX 78617
",10410349,Routine Inspection
Family Dollar Store # 10028,78725,1/5/2017,88,"14001 FM 969 RD
AUSTIN, TX 78725
",11008198,Routine Inspection
Fazoli's Italian Food,78729,2/11/2016,90,"13201 N FM 620 RD NB
AUSTIN, TX 78729
",2801304,Routine Inspection
Fish Daddy's,78660,1/12/2016,92,"15119 N IH 35 SVRD NB Bldg B
AUSTIN, TX 78660
",10236095,Routine Inspection
Flea Market # L (Snow Cones),78754,5/3/2014,97,"9500 E US 290 HWY SVRD WB
AUSTIN, TX 78754
",2802136,Routine Inspection
Flea Market #A,78754,5/3/2014,94,"9500 E US 290 HWY SVRD WB
AUSTIN, TX 78754
",2800518,Routine Inspection
Flea Market #B,78754,5/3/2014,100,"9500 E US 290 HWY SVRD WB
AUSTIN, TX 78754
",2800519,Routine Inspection
Flea Market #C,78754,5/3/2014,97,"9500 E US 290 HWY SVRD WB
AUSTIN, TX 78754
",2800520,Routine Inspection
Flea Market #H,78754,5/3/2014,97,"9500 E US 290 HWY SVRD WB
AUSTIN, TX 78754
",2800525,Routine Inspection
Flea Market #I,78754,5/3/2014,97,"9500 E US 290 HWY SVRD WB
AUSTIN, TX 78754
",2800526,Routine Inspection
Flea Market #IC-1,78754,5/3/2014,100,"9500 E US 290 HWY SVRD WB
AUSTIN, TX 78754
",2800528,Routine Inspection
Flea Market #J,78754,5/3/2014,100,"9500 E US 290 HWY SVRD WB
AUSTIN, TX 78754
",2800527,Routine Inspection
Flea Market #K (Corn Stand),78754,5/3/2014,100,"9500 E US 290 HWY SVRD WB
AUSTIN, TX 78754
",2800936,Routine Inspection
Flea Market #X,78754,5/3/2014,96,"9500 E US 290 HWY SVRD WB
AUSTIN, TX 78754
",2800530,Routine Inspection
Flea Market #stage,78754,5/3/2014,100,"9500 E US 290 HWY SVRD WB
AUSTIN, TX 78754
",2800529,Routine Inspection
Food Mart,78736,3/2/2015,83,"9341 W SH 71
AUSTIN, TX 78736
",10867318,Routine Inspection
Foxhole Culinary Tavern,78717,2/9/2015,75,"13995 N US 183 HWY SVRD NB
AUSTIN, TX 78717
",11165272,Routine Inspection
Fred Groceries Inc.,78723,2/19/2015,92,"6715 E US 290 HWY EB
AUSTIN, TX 78723
",10001098,Routine Inspection
Freebirds World Burrito,78726,3/25/2016,91,"8300 N FM 620 RD Bunit 100
AUSTIN, TX 78726
",10923283,Routine Inspection
Fresh Heim,78750,3/16/2016,83,"13776 N US 183 HWY SB Unit 142
AUSTIN, TX 78750
",11267435,Routine Inspection
Gandhi Bazar and Curry in Hurry - 620,78750,3/17/2014,96,"12809 N FM 620 RD NB Unit 3
AUSTIN, TX 78750
",10768737,Routine Inspection
Garfield Market,78617,1/3/2017,80,"5300 E SH 71 EB
AUSTIN, TX 78617
",10768265,Routine Inspection
Gatti's Pizza #125,78736,2/3/2016,88,"7101 W SH 71 Bldg C
AUSTIN, TX 78736
",10065355,Routine Inspection
Gold's Gym - Anderson Arbor,78729,3/8/2016,94,"13435 N US 183 HWY NB
AUSTIN, TX 78729
",10796050,Routine Inspection
Golden Fried Chicken,78736,2/29/2016,97,"7101 W SH 71
AUSTIN, TX 78736
",2801247,Routine Inspection
Grey Rock Golf Club,78739,1/5/2017,94,"7401 SH 45 EB
AUSTIN, TX 78739
",11174208,Routine Inspection
HEB #031,78750,4/15/2015,94,"12860 N US 183 HWY SVRD SB
AUSTIN, TX 78750
",10082163,Routine Inspection
HEB #031Retail Food,78750,4/7/2015,100,"12860 N US 183 HWY SVRD SB
AUSTIN, TX 78750
",10082173,Routine Inspection
HEB #225 - Hwy 71 (Retail),78735,3/31/2014,89,"7010 W SH 71
AUSTIN, TX 78735
",2803537,Routine Inspection
HEB Food Store #225 - Hwy 71 (Deli/Cheese),78735,3/31/2014,97,"7010 W SH 71
AUSTIN, TX 78735
",2800419,Routine Inspection
HEB Food Store #659,78613,4/7/2015,100,"14028 N US 183 HWY SVRD SB
AUSTIN, TX 78613
",10848394,Routine Inspection
"HEB Store # 659 - Deli,Bakery & Produce",78613,3/17/2014,97,"14028 N US 183 HWY SVRD SB
AUSTIN, TX 78613
",11015114,Routine Inspection
HWY 71 Food & Fuel,78617,3/17/2015,94,"2777 E SH 71 WB
AUSTIN, TX 78617
",10334389,Routine Inspection
Harmony School of Political Science,78729,2/20/2015,100,"13415 N FM 620 RD NB
AUSTIN, TX 78729
",10655854,Routine Inspection
Hay Elotes,78660,1/12/2016,90,"1200 W HOWARD LN Bunit D
AUSTIN, TX 78660
",11299017,Routine Inspection
Hayley Cakes and Cookies,78730,4/5/2016,88,"10601 FM 2222 RD Bunit M
AUSTIN, TX 78730
",11042164,Routine Inspection
Hilltop Bar & Grill,78669,2/19/2015,94,"22308 W SH 71
SPICEWOOD, TX 78669
",2801301,Routine Inspection
Holiday Inn Austin Airport,78744,2/19/2015,89,"6711 E BEN WHITE BLVD SVRD EB Unit D
AUSTIN, TX 78744
",11094488,Routine Inspection
Holiday Inn Express & Suites,78750,11/14/2016,92,"12703 N FM 620 RD NB
AUSTIN, TX 78750
",11506369,Routine Inspection
Home 2 Suites,78613,4/28/2016,90,"14022 N US 183 HWY SVRD SB
AUSTIN, TX 78613
",10996579,Routine Inspection
Homer's Bar and Grill,78728,1/20/2016,87,"1779 W WELLS BRANCH PKWY
AUSTIN, TX 78728
",10002015,Routine Inspection
Hornsby Dunlap Elementary,78725,3/11/2015,97,"13901 FM 969 RD
AUSTIN, TX 78725
",2800684,Routine Inspection
Hunan Chef at 620,78750,2/14/2017,76,"11815 N FM 620 RD
AUSTIN, TX 78750
",11522701,Routine Inspection
Hunan Riverplace Restaurant,78730,6/7/2016,77,"10601 FM 2222 RD Bldg A
AUSTIN, TX 78730
",11326050,Routine Inspection
IHOP,78729,4/17/2014,97,"13201 N FM 620 RD NB Bldg Q
AUSTIN, TX 78729
",2802880,Routine Inspection
INKA Chicken,78728,1/30/2015,84,"1707 W WELLS BRANCH PKWY
AUSTIN, TX 78728
",10739509,Routine Inspection
It's All Good Bar B Q,78669,1/21/2015,100,"22112 W SH 71
SPICEWOOD, TX 78669
",10737270,Routine Inspection
Jack Allen's Kitchen,78735,2/2/2016,90,"7720 W SH 71
AUSTIN, TX 78735
",10377371,Routine Inspection
J5 Steakhouse,78669,3/28/2014,94,"21814 W SH 71
SPICEWOOD, TX 78669
",10533248,Routine Inspection
Jack in the Box #905,78754,2/10/2017,93,"8706 E US 290 HWY WB
AUSTIN, TX 78754
",10789972,Routine Inspection
Jason's Deli,78729,1/7/2015,95,"13729 N US 183 HWY NB Unit 800
AUSTIN, TX 78729
",2801512,Routine Inspection
Jersey Mike's Subs,78726,2/11/2015,100,"11521 N FM 620 RD Bunit 350
AUSTIN, TX 78726
",2802712,Routine Inspection
Jim's Coffee Shop,78750,2/16/2016,87,"12832 N US 183 HWY SVRD SB
AUSTIN, TX 78750
",2800319,Routine Inspection
Jim's Coffee Shop #29,78736,2/29/2016,89,"7101 W SH 71
AUSTIN, TX 78736
",2800710,Routine Inspection
Jimmy John's Gourmet Sandwiches,78729,4/13/2016,95,"13429 N US 183 HWY NB Unit 120
AUSTIN, TX 78729
",11230955,Routine Inspection
Juiceland Oakhill,78749,3/2/2016,92,"6705 W US 290 HWY Unit 610
AUSTIN, TX 78749
",10971092,Routine Inspection
KFC   Y343100,78729,1/6/2015,89,"13435 N US 183 HWY NB
AUSTIN, TX 78729
",10005095,Routine Inspection
KIPP Austin Brave,78725,4/2/2015,100,"8509 FM 969 RD Bldg 652
AUSTIN, TX 78725
",10184824,Routine Inspection
KIPP Austin Public Schools,78725,4/2/2015,100,"8509 FM 969 RD Bldg 615
AUSTIN, TX 78725
",10559492,Routine Inspection
Kerbey Lane Cafe,78729,3/30/2015,94,"13435 N US 183 HWY NB
AUSTIN, TX 78729
",10162925,Routine Inspection
Kobe Japanese Steakhouse,78750,4/3/2015,86,"13492 N US 183 HWY SB
AUSTIN, TX 78750
",2802022,Routine Inspection
Kung Fu Buffet,78660,5/11/2015,78,"15424 FM 1825 RD Bunit 280
AUSTIN, TX 78660
",10635833,Routine Inspection
Kwik Chek,78669,4/26/2016,97,"21024 W SH 71
SPICEWOOD, TX 78669
",11405844,Routine Inspection
LT Country Market,78738,5/5/2015,70,"3325 S FM 620 RD
BEE CAVE, TX 78738
",10675703,Routine Inspection
LW - AFC Sushi @ Randalls #1779,78734,1/5/2016,100,"2301 S FM 620 RD
LAKEWAY, TX 78734
",10898034,Routine Inspection
LW - Blackbird Bakery,78738,4/8/2016,92,"2300 LOHMANS SPUR RD Unit 163
LAKEWAY, TX 78738
",11398104,Routine Inspection
LW - CVS Pharmacy #80,78734,1/6/2017,100,"2306 S FM 620 RD
LAKEWAY, TX 78734
",10006331,Routine Inspection
LW - Cafe Castro Nova,78734,2/3/2016,89,"900 S FM 620 RD Unit C104
LAKEWAY, TX 78734
",2802975,Routine Inspection
LW - Cavalier Food Mart,78734,1/6/2015,94,"509 S FM 620 RD
LAKEWAY, TX 78734
",10627193,Routine Inspection
LW - Chicken Express,78734,3/18/2015,97,"2109 S FM 620 RD
LAKEWAY, TX 78734
",2802814,Routine Inspection
LW - China Pacific Restaurant,78734,1/31/2017,88,"107 S FM 620 RD Unit 107
LAKEWAY, TX 78734
",10839501,Routine Inspection
LW - Cho Sushi,78738,2/4/2016,96,"2422 S FM 620 RD Bldg A100
LAKEWAY, TX 78738
",10697643,Routine Inspection
"LW - Cigar Room, The",78734,2/19/2016,97,"1310 S FM 620 RD Bunit 12
LAKEWAY, TX 78734
",10209977,Routine Inspection
LW - Circle K Store #2704681  ,78734,1/6/2015,97,"1405 S FM 620 RD
LAKEWAY, TX 78734
",10758054,Routine Inspection
LW - CraigO's Pizza and Pastaria,78734,3/30/2015,93,"2501 S FM 620 RD Unit 100
LAKEWAY, TX 78734
",10652720,Routine Inspection
LW - Creamistry,78734,2/8/2017,100,"1510 S FM 620 RD
LAKEWAY, TX 78734
",11548300,Routine Inspection
LW - Crown Donut,78734,1/31/2017,95,"325 S FM 620 RD
LAKEWAY, TX 78734
",10545024,Routine Inspection
"LW - Donut Hole, The",78738,2/24/2016,95,"2422 S FM 620 RD Unit 124
LAKEWAY, TX 78738
",2802911,Routine Inspection
LW - Firehouse Subs,78734,1/15/2015,92,"900 S FM 620 RD
LAKEWAY, TX 78734
",10964761,Routine Inspection
"LW - Grove Wine Bar & Kitchen, The",78734,1/23/2017,84,"3001 S FM 620 RD
LAKEWAY, TX 78734
",10957424,Routine Inspection
LW - Grumpy Grouper,78734,9/20/2016,95,"1113 N FM 620 RD
LAKEWAY, TX 78734
",11475023,Routine Inspection
LW - Hampton Inn and Suites,78734,3/6/2015,91,"2013 S FM 620 RD
LAKEWAY, TX 78734
",10212018,Routine Inspection
LW - High Five Entertainment Center,78734,8/31/2016,86,"1502 S FM 620 RD
LAKEWAY, TX 78734
",11464387,Routine Inspection
LW - Jimmy John's Gourmet Sandwiches,78734,4/9/2015,100,"2410 S FM 620 RD
LAKEWAY, TX 78734
",11230968,Routine Inspection
LW - Juiceland,78738,2/4/2016,98,"2422 S FM 620 RD Unit 114
LAKEWAY, TX 78738
",11071750,Routine Inspection
LW - Lake Travis Wine Trader,78734,1/15/2015,100,"900 S FM 620 RD Unit C105
LAKEWAY, TX 78734
",10831600,Routine Inspection
LW - Lakeway Valero,78734,4/28/2015,96,"2103 S FM 620 RD
LAKEWAY, TX 78734
",2803881,Routine Inspection
"LW - League,The",78734,1/26/2017,79,"1310 S FM 620 RD
LAKEWAY, TX 78734
",10634138,Routine Inspection
LW - Lexus Of Lakeway,78734,2/1/2016,100,"108 S FM 620 RD
LAKEWAY, TX 78734
",11369378,Routine Inspection
LW - Little Greek Restaurant ,78738,2/4/2016,96,"2422 S FM 620 RD
LAKEWAY, TX 78738
",10937032,Routine Inspection
LW - MOD Superfast Pizza LLC,78734,10/27/2016,93,"1900 S FM 620 RD
LAKEWAY, TX 78734
",11491781,Routine Inspection
LW - Mad Greens,78734,2/8/2017,92,"2011 MAIN ST Unit 400
LAKEWAY, TX 78734
",11511869,Routine Inspection
LW - Merito Food Mart,78734,4/25/2016,92,"201 N FM 620 RD
LAKEWAY, TX 78734
",11289572,Routine Inspection
LW - Metro Food Mart,78734,1/15/2015,100,"903 S FM 620 RD
LAKEWAY, TX 78734
",2802530,Routine Inspection
LW - P. Terry's Burger Stand,78734,6/1/2015,100,"3311 S FM 620 RD
LAKEWAY, TX 78734
",10631422,Routine Inspection
LW - Pao's Mandarin House,78738,2/17/2015,93,"2300 LOHMANS SPUR RD Unit 134
LAKEWAY, TX 78738
",2801225,Routine Inspection
LW - Papa Johns #3688,78738,2/16/2016,99,"2422 S FM 620 RD
LAKEWAY, TX 78738
",11000289,Routine Inspection
LW - Papa Murphy's,78734,4/9/2015,100,"2303 S FM 620 RD
LAKEWAY, TX 78734
",10181405,Routine Inspection
LW - Raising Cane's Restaurants,78734,2/3/2017,97,"1600 S FM 620 RD
LAKEWAY, TX 78734
",11531765,Routine Inspection
LW - Randall's #1779,78734,1/5/2016,98,"2301 S FM 620 RD
LAKEWAY, TX 78734
",2803782,Routine Inspection
LW - Randall's #1779 - Bakery,78734,1/5/2016,100,"2301 S FM 620 RD
LAKEWAY, TX 78734
",2801980,Routine Inspection
LW - Randall's #1779 -Deli,78734,1/5/2016,100,"2301 S FM 620 RD
LAKEWAY, TX 78734
",2801754,Routine Inspection
LW - Sandeez Hamburger Hut,78734,1/25/2016,97,"113 N FM 620 RD
LAKEWAY, TX 78734
",2800985,Routine Inspection
LW - Santa Catarina,78734,2/16/2017,85,"1310 S FM 620 RD
LAKEWAY, TX 78734
",11175645,Routine Inspection
LW - Sonic,78734,5/21/2014,82,"2102 S FM 620 RD
LAKEWAY, TX 78734
",2800793,Routine Inspection
LW - Starbucks Coffee Company,78734,2/2/2016,100,"2410 S FM 620 RD
LAKEWAY, TX 78734
",10745429,Routine Inspection
LW - Starbucks Kiosk/Randall's,78734,1/5/2016,100,"2301 S FM 620 RD
LAKEWAY, TX 78734
",10999732,Routine Inspection
LW - Table 620,78734,9/27/2016,91,"2000 S FM 620 RD
LAKEWAY, TX 78734
",11430850,Routine Inspection
LW - Taco Bell,78734,2/5/2015,100,"1703 S FM 620 RD
LAKEWAY, TX 78734
",11066788,Routine Inspection
LW - Thundercloud Subs,78738,3/16/2016,89,"2300 LOHMANS SPUR RD Unit 106
LAKEWAY, TX 78738
",2800754,Routine Inspection
LW - Verona Ristaurante Italiano,78734,10/21/2016,94,"900 S FM 620 RD Unit C107
LAKEWAY, TX 78734
",11488154,Routine Inspection
LW - Walgreens 07023,78734,5/21/2015,97,"2401 S FM 620 RD
LAKEWAY, TX 78734
",2803649,Routine Inspection
LW - Wendy's Old Fashion Hamburgers,78738,1/26/2017,100,"2404 S FM 620 RD
LAKEWAY, TX 78738
",11119806,Routine Inspection
LW - Whataburger #796,78734,1/4/2016,98,"2011 S FM 620 RD
LAKEWAY, TX 78734
",2801952,Routine Inspection
LW - Yummi Sushi,78734,10/4/2016,100,"2000 S FM 620 RD
LAKEWAY, TX 78734
",11436870,Routine Inspection
LW- HEB 714,78734,10/4/2016,100,"2000 S FM 620 RD
LAKEWAY, TX 78734
",11430825,Routine Inspection
La Bodega Gourmet,78738,5/31/2016,94,"11500 FM 2244 RD
BEE CAVE, TX 78738
",11313992,Routine Inspection
La Cabana Grill,78669,1/9/2017,90,"21103 W SH 71
SPICEWOOD, TX 78669
",10222706,Routine Inspection
La Campena Restaurant,78617,3/4/2015,100,"5053 E SH 71 WB
AUSTIN, TX 78617
",2802562,Routine Inspection
La Madeleine,78613,6/1/2015,88,"14028 N US 183 HWY SVRD SB Bunit 230
AUSTIN, TX 78613
",11079706,Routine Inspection
La Palapa of Austin,78752,1/28/2015,84,"6640 E US 290 HWY WB
AUSTIN, TX 78752
",2800378,Routine Inspection
Lake Creek Shell,78729,2/1/2017,88,"13201 N FM 620 RD NB
AUSTIN, TX 78729
",2803634,Routine Inspection
Lake Travis High School,78738,2/2/2015,100,"3322 S FM 620 RD
LAKEWAY, TX 78738
",2800680,Routine Inspection
Lake Travis High School ANNEX,78738,4/12/2016,100,"3322 S FM 620 RD
LAKEWAY, TX 78738
",2800687,Routine Inspection
Lake Travis High School Concession Stands,78738,4/2/2015,97,"3322 S FM 620 RD
LAKEWAY, TX 78738
",10186846,Routine Inspection
Larry's Giant Subs,78735,3/30/2016,89,"5030 W US 290 HWY WB Unit 550
AUSTIN, TX 78735
",10671468,Routine Inspection
Little Caesars,78735,2/17/2017,95,"7010 W SH 71 Unit 550
AUSTIN, TX 78735
",11180378,Routine Inspection
Little Caesars Pizza,78750,1/21/2015,97,"13770 N US 183 HWY SB
AUSTIN, TX 78750
",10532387,Routine Inspection
Little Country Diner,78669,1/20/2017,96,"22000 W SH 71
SPICEWOOD, TX 78669
",2802629,Routine Inspection
Lone Star Kolaches,78750,1/19/2017,88,"13764 N US 183 HWY SB
AUSTIN, TX 78750
",10944885,Routine Inspection
Los Jaliscienses #2,78723,6/11/2014,95,"6201 E US 290 HWY EB
AUSTIN, TX 78723
",10869258,Routine Inspection
Los Reyes Mexican Grill & Seafood Restaurant,78750,1/19/2016,87,"13776 N US 183 HWY SB Unit 145
AUSTIN, TX 78750
",10219662,Routine Inspection
Lucy's Fried Chicken,78734,6/6/2016,91,"2900 N FM 620 RD
AUSTIN, TX 78734
",11403648,Routine Inspection
MN &J Rocky Creek BBQ,78620,2/5/2015,100,"17499 HAMILTON POOL RD
DRIPPING SPRINGS, TX 78620
",2802520,Routine Inspection
MN - Americas Best Value Inn,78653,3/16/2016,100,"11301 E US 290 HWY EB
MANOR, TX 78653
",11302014,Routine Inspection
MN - Beer:30,78653,3/14/2016,100,"11211 E US 290 HWY EB
MANOR, TX 78653
",10806199,Routine Inspection
MN - Cafe 290,78653,1/24/2017,86,"11011 E US 290 HWY EB
MANOR, TX 78653
",11360758,Routine Inspection
MN - Creative World Learning Center - Austin Inc.,78653,1/24/2017,100,"11401 E US 290 HWY EB
MANOR, TX 78653
",10793335,Routine Inspection
MN - Subway,78653,1/28/2016,96,"11211 E US 290 HWY EB
MANOR, TX 78653
",10365166,Routine Inspection
MN - Domino's Pizza,78653,4/25/2016,97,"11211 E US 290 HWY EB
MANOR, TX 78653
",11018822,Routine Inspection
MN - Eintrage Gas Station,78653,9/21/2016,86,"12305 EINTRAGE DR
MANOR, TX 78653
",11508097,Routine Inspection
MN - El Pollo Rico #10,78653,1/18/2017,83,"11828 RING DR
MANOR, TX 78653
",11457812,Routine Inspection
MN - Las Salsas Bar & Grill Mexican Restaurant,78653,1/9/2017,99,"11007 E US 290 HWY EB
MANOR, TX 78653
",11054708,Routine Inspection
MN - Manor Express Mart,78653,1/6/2017,95,"12130 N FM 973 RD
MANOR, TX 78653
",10188186,Routine Inspection
MN - Manor Food Mart,78653,3/7/2016,100,"10905 E US 290 HWY EB
MANOR, TX 78653
",10216838,Routine Inspection
MN - Manor New Tech High School,78653,3/31/2016,94,"10323 E US 290 HWY SVRD EB
MANOR, TX 78653
",10018050,Routine Inspection
MN - Mini Foods Mart,78653,3/8/2016,96,"10400 E US 290 HWY WB
MANOR, TX 78653
",10886197,Routine Inspection
MN - Mr. Jim's,78653,1/9/2017,97,"302 W MURRAY AVE
MANOR, TX 78653
",2803767,Routine Inspection
MN - Panda Express #2516,78653,5/10/2016,100,"11808 RING DR Bldg 1
MANOR, TX 78653
",11415562,Routine Inspection
MN - Park Place Foods,78653,3/8/2016,95,"11209 E US 290 HWY EB
MANOR, TX 78653
",2801941,Routine Inspection
MN - Sonic,78653,3/7/2016,94,"11215 E US 290 HWY EB
MANOR, TX 78653
",2801333,Routine Inspection
MN - Taqueria Huentitan,78653,1/5/2016,84,"11209 E US 290 HWY EB
MANOR, TX 78653
",10426356,Routine Inspection
MN - Wal-Mart # 3169 - Bakery,78653,2/7/2017,100,"11923 E US 290 HWY EB
MANOR, TX 78653
",11087492,Routine Inspection
MN - Wal-Mart # 3169 - Deli,78653,2/7/2017,100,"11923 E US 290 HWY EB
MANOR, TX 78653
",11087502,Routine Inspection
MN - Wal-Mart # 3169 - Grocery,78653,2/7/2017,100,"11923 E US 290 HWY EB
MANOR, TX 78653
",11087462,Routine Inspection
MN - Walmart # 3169 Fuel Center,78653,1/23/2017,99,"11821 E US 290 HWY EB
MANOR, TX 78653
",11268203,Routine Inspection
MN- Shadowglen Elementary,78653,2/9/2016,100,"12000 SHADOWGLEN TRCE
MANOR, TX 78653
",11402734,Routine Inspection
MOD Super Fast Pizza,78726,5/27/2016,95,"11521 N FM 620 RD Bunit 450
AUSTIN, TX 78726
",11337778,Routine Inspection
Main Event,78729,1/20/2016,70,"13301 N US 183 HWY NB
AUSTIN, TX 78729
",2802588,Routine Inspection
Majik Mart,78750,1/23/2015,100,"11815 N FM 620 RD
AUSTIN, TX 78750
",2803423,Routine Inspection
Man Pasand Supermarket,78717,1/29/2016,97,"13945 N US 183 HWY NB Bunit 89
AUSTIN, TX 78717
",11353404,Routine Inspection
Manor Downs Inc,78653,3/19/2015,97,"101 HILL LANE
MANOR, TX 78653
",2801759,Routine Inspection
Marble Slab Creamery,78613,4/6/2016,92,"14010 N US 183 HWY SVRD SB Unit 510
AUSTIN, TX 78613
",10913688,Routine Inspection
Marshall Ford Grocery,78732,4/6/2016,92,"4610 N FM 620 RD
AUSTIN, TX 78732
",2803445,Routine Inspection
Masala Wok,78758,3/4/2015,89,"10515 N MOPAC EXPY NB Bunit 155
AUSTIN, TX 78758
",10672549,Routine Inspection
McDonald's,78729,1/9/2015,91,"13749 N US 183 HWY NB
AUSTIN, TX 78729
",2802094,Routine Inspection
McDonald's,78750,1/27/2016,91,"12801 N FM 620 RD NB
AUSTIN, TX 78750
",2802294,Routine Inspection
McDonald's   #14774,78749,1/3/2017,81,"5017 W US 290 HWY EB
AUSTIN, TX 78749
",2801761,Routine Inspection
McDonald's #7877,78735,1/30/2017,84,"7010 W SH 71
AUSTIN, TX 78735
",2801429,Routine Inspection
McDonalds's,78754,6/22/2016,95,"8500 E US 290 HWY WB
AUSTIN, TX 78754
",11392280,Routine Inspection
Menchie's Frozen Yogurt,78732,1/8/2016,98,"5145 N FM 620 RD Bunit 180
AUSTIN, TX 78732
",10883922,Routine Inspection
Menchie's Frozen Yogurt,78613,2/25/2015,100,"14028 N US 183 HWY SVRD SB Bunit 165
AUSTIN, TX 78613
",11075955,Routine Inspection
Metro Mart,78728,2/10/2015,100,"2113 W WELLS BRANCH PKWY
AUSTIN, TX 78728
",2803450,Routine Inspection
Midori,78729,1/7/2015,81,"13435 N US 183 HWY NB Unit 301
AUSTIN, TX 78729
",2802351,Routine Inspection
"Mighty Fine Burgers, Fries and Shakes",78758,3/24/2015,97,"10515 N MOPAC EXPY NB Bunit 205
AUSTIN, TX 78758
",10078771,Routine Inspection
Mike's Mini Mart,78724,2/8/2017,80,"7101 ED BLUESTEIN BLVD SVRD NB
AUSTIN, TX 78724
",2803749,Routine Inspection
Monarch Quick Stop,78722,5/23/2016,88,"1402 E 38TH HALF ST
AUSTIN, TX 78722
",11267675,Routine Inspection
Moonies Burger House,78750,3/23/2015,96,"13450 N US 183 HWY SB
AUSTIN, TX 78750
",11095956,Routine Inspection
Mr. Gatti's,78723,1/31/2017,92,"7525 E US 290 HWY EB
AUSTIN, TX 78723
",2800837,Routine Inspection
Mr. Gatti's,78734,3/7/2016,89,"3307 N FM 620 RD
AUSTIN, TX 78734
",2801793,Routine Inspection
Mr. Gatti's #105,78742,3/17/2015,90,"1555 E SH 71 WB
AUSTIN, TX 78742
",2801796,Routine Inspection
Muangthai Thai Cuisine,78717,4/29/2014,76,"13945 N US 183 HWY NB Bunit 80
AUSTIN, TX 78717
",10246937,Routine Inspection
Nanking Restaurant,78750,5/18/2016,91,"13450 N US 183 HWY SB
AUSTIN, TX 78750
",11411370,Routine Inspection
OLA Poke,78757,1/6/2016,86,"6808 N LAMAR BLVD Bunit 110
AUSTIN, TX 78757
",10105455,Routine Inspection
"Oak Haven Kids Club, LLC",78750,6/22/2016,97,"12809 N FM 620 RD NB Unit 100
AUSTIN, TX 78750
",11369848,Routine Inspection
Oak Hills Food Mart,78735,4/8/2014,94,"6134 W US 290 HWY SVRD WB
AUSTIN, TX 78735
",10438381,Routine Inspection
Olive Garden #1537,78750,8/25/2016,83,"12827 N FM 620 RD NB
AUSTIN, TX 78750
",11441907,Routine Inspection
Osaka Mansun Restaurant,78750,2/23/2015,78,"13492 N US 183 HWY SB
AUSTIN, TX 78750
",2802914,Routine Inspection
Pacific Star Oyster Bar,78729,1/19/2016,70,"13507 N US 183 HWY NB
AUSTIN, TX 78729
",10116344,Routine Inspection
Papa John's #928,78726,1/22/2015,93,"11521 N FM 620 RD Bunit 675
AUSTIN, TX 78726
",2802805,Routine Inspection
Papa John's Pizza #933,78728,1/20/2015,100,"2113 W WELLS BRANCH PKWY
AUSTIN, TX 78728
",2800846,Routine Inspection
Papa Murphy's Pizza,78750,1/13/2017,89,"12129 N FM 620 RD Bunit 100
AUSTIN, TX 78750
",11301596,Routine Inspection
Papa Murphy's Pizza,78750,4/1/2015,85,"12856 N US 183 HWY SB
AUSTIN, TX 78750
",11233999,Routine Inspection
Papa Murphy's Pizza,78726,5/13/2016,94,"11404 FM 2222 RD Unit 4
AUSTIN, TX 78726
",11234026,Routine Inspection
Papalote Taco House,78729,1/7/2016,95,"13219 N US 183 HWY NB Unit 100
AUSTIN, TX 78729
",11365388,Routine Inspection
Peace Bakery & Deli,78758,1/15/2016,78,"11220 N LAMAR BLVD Bunit 150
AUSTIN, TX 78758
",11191821,Routine Inspection
Peace Bakery & Deli,78758,2/8/2017,85,"11220 N LAMAR BLVD Bunit 150
AUSTIN, TX 78758
",11191821,1st Follow Up to Routine of 50 - 69
Pei Wei Asian Diner,78729,2/23/2016,87,"13429 N US 183 HWY NB
AUSTIN, TX 78729
",10004511,Routine Inspection
Peoples Pharmacy #4,78750,3/17/2016,100,"13860 N US 183 HWY
AUSTIN, TX 78750
",10529608,Routine Inspection
Phil's Ice House,78729,1/6/2015,87,"13265 N US 183 HWY NB Unit P
AUSTIN, TX 78729
",11008920,Routine Inspection
Pho Dan,78758,2/11/2016,73,"11220 N LAMAR BLVD Bunit 100
AUSTIN, TX 78758
",10044643,Routine Inspection
Pinballz Arcade,78729,1/17/2017,86,"13729 N US 183 HWY NB Unit 1350
AUSTIN, TX 78729
",11518966,Routine Inspection
Pita Fusion,78750,12/15/2016,93,"13776 N US 183 HWY SB Unit 130
AUSTIN, TX 78750
",11503481,Routine Inspection
Pizza Hut,78730,2/23/2015,100,"10601 FM 2222 RD Bldg A
AUSTIN, TX 78730
",2802656,Routine Inspection
Potbelly Sandwich Shop,78717,1/13/2017,80,"14009 N US 183 HWY SVRD NB Unit 101
AUSTIN, TX 78717
",11436954,Routine Inspection
Potbelly Sandwich Works,78758,1/8/2016,88,"10515 N MOPAC EXPY NB Bunit 300
AUSTIN, TX 78758
",10035755,Routine Inspection
Quality Inn & Suites,78617,3/18/2015,96,"2751 E SH 71 WB
AUSTIN, TX 78617
",10672255,Routine Inspection
Race Express,78744,7/14/2016,79,"4718 S US 183 HWY SB
AUSTIN, TX 78744
",11249310,Routine Inspection
Rack Daddy,78728,2/16/2016,88,"1779 W WELLS BRANCH PKWY
AUSTIN, TX 78728
",2801505,Routine Inspection
Raggedy Anne's,78728,1/20/2015,86,"2113 W WELLS BRANCH PKWY
AUSTIN, TX 78728
",2800955,Routine Inspection
Reales Pizza & Cafe,78750,3/23/2015,89,"13450 N US 183 HWY SB
AUSTIN, TX 78750
",2801415,Routine Inspection
Recovery Unplugged,78725,11/1/2016,90,"14109 FM 969 RD
AUSTIN, TX 78725
",11503365,Routine Inspection
"RedFin Seafood Kitchen, LLC",78726,1/26/2016,96,"8300 N FM 620 RD Bunit 800
AUSTIN, TX 78726
",11325196,Routine Inspection
Reel Popcorn,78748,4/3/2015,97,"8708 S CONGRESS AVE Bunit 550
AUSTIN, TX 78748
",10649537,Routine Inspection
Restaurante Jasmines,78617,1/13/2015,72,"2463 E SH 71 WB Unit 2
AUSTIN, TX 78617
",10488639,Routine Inspection
Rice Bowl Cafe,78758,5/13/2015,77,"11220 N LAMAR BLVD Bunit 306
AUSTIN, TX 78758
",10446331,Routine Inspection
Rob Roy Chevron,78733,4/9/2015,86,"7110 FM 2244 RD
AUSTIN, TX 78733
",2803512,Routine Inspection
SV - Coriander Indian Cuisine,78735,4/2/2015,89,"4894 W US 290 HWY WB
SUNSET VALLEY, TX 78735
",10757218,Routine Inspection
SV - Holiday Inn Express,78735,2/23/2015,97,"4892 W US 290 HWY WB
SUNSET VALLEY, TX 78735
",2802106,Routine Inspection
SV - Longhorn Steakhouse #5423,78745,3/31/2015,70,"4809 W US 290 HWY EB
SUNSET VALLEY, TX 78745
",10752973,Routine Inspection
SV - Wendy's W108,78749,3/11/2015,100,"4961 W US 290 HWY EB
SUNSET VALLEY, TX 78749
",11119775,Routine Inspection
Safe Place School &CDC,78741,3/23/2016,100,"P.O.BOX 19454
AUSTIN, TX 78741
",2801390,Routine Inspection
Salsas Mexican Cuisine Cantina,78730,4/5/2016,76,"10601 FM 2222 RD
AUSTIN, TX 78730
",10771549,Routine Inspection
Sam's Club (Sample Stations),78735,3/17/2014,97,"4970 W US 290 HWY WB Bldg 4
AUSTIN, TX 78735
",10408644,Routine Inspection
Scenic Brook Food Mart,78735,3/12/2014,88,"7216 W SH 71
AUSTIN, TX 78735
",2803458,Routine Inspection
"Schlotzsky's Stores, LLC",78729,3/9/2016,82,"13201 N FM 620 RD NB
AUSTIN, TX 78729
",10004373,Routine Inspection
School in the Hills-River Place LLC,78730,2/9/2017,97,"10819 FM 2222 RD
AUSTIN, TX 78730
",11491119,Routine Inspection
Seek & Say Enrichment Day Care,78725,3/20/2015,100,"6123 FM 969 RD
AUSTIN, TX 78725
",2800906,Routine Inspection
Serrano's Cafe & Cantina,78735,4/11/2014,62,"5030 W US 290 HWY WB
AUSTIN, TX 78735
",2801349,Routine Inspection
Serrano's Cafe & Cantina,78735,4/29/2014,76,"5030 W US 290 HWY WB
AUSTIN, TX 78735
",2801349,1st Follow Up to Routine of 50 - 69
Sesame Hill,78735,1/30/2017,87,"6156 W US 290 HWY WB Bldg A
AUSTIN, TX 78735
",10048610,Routine Inspection
Short Stop #2,78759,5/11/2015,81,"12784 N US 183 HWY SVRD SB
AUSTIN, TX 78759
",2800935,Routine Inspection
Slab,78757,2/10/2015,92,"9012 RESEARCH BLVD SB Bunit 4
AUSTIN, TX 78757
",11182639,Routine Inspection
Sleep Inn & Suites,78754,2/11/2015,97,"8410 E US 290 HWY WB
AUSTIN, TX 78754
",11031713,Routine Inspection
Smashburger,78613,1/22/2016,97,"14028 N US 183 HWY SVRD SB Bunit 310
AUSTIN, TX 78613
",10996137,Routine Inspection
Smokey J's Barbeque #1,78732,3/24/2016,86,"7008 N FM 620 RD
AUSTIN, TX 78732
",2800704,Routine Inspection
Snow Monster,78758,1/12/2017,91,"11220 N LAMAR BLVD Bunit 275
AUSTIN, TX 78758
",11114129,Routine Inspection
Snow Pea Asian Bistro,78613,6/1/2015,76,"14028 N US 183 HWY SVRD SB Bunit 170
AUSTIN, TX 78613
",11016282,Routine Inspection
Sonic,78735,1/8/2015,93,"7714 W SH 71 Bldg A
AUSTIN, TX 78735
",2801236,Routine Inspection
Sonic,78728,1/31/2017,74,"1637 W WELLS BRANCH PKWY
AUSTIN, TX 78728
",2801491,Routine Inspection
Sonic Drive In,78617,1/6/2015,91,"3119 E SH 71 WB
AUSTIN, TX 78617
",2800650,Routine Inspection
"Soup Peddler, The",78729,4/18/2016,93,"13219 N US 183 HWY NB Unit 400
AUSTIN, TX 78729
",11239863,Routine Inspection
Southwest Theaters Lake Creek 7,78729,1/28/2016,90,"13729 N US 183 HWY NB Unit 1500
AUSTIN, TX 78729
",11046085,Routine Inspection
Star Stop 72,78744,2/7/2017,76,"3404 S US 183 HWY SB
AUSTIN, TX 78744
",11028070,Routine Inspection
Star Stop 77,78750,1/22/2015,94,"13466 N US 183 HWY SVRD SB
AUSTIN, TX 78750
",11027874,Routine Inspection
Star Stop 78,78729,1/13/2015,97,"13775 N US 183 HWY NB
AUSTIN, TX 78729
",11028001,Routine Inspection
Star Stop 79,78750,1/12/2015,100,"12801 N FM 620 RD NB
AUSTIN, TX 78750
",11028028,Routine Inspection
Starbucks Coffee #14500,78749,4/24/2014,96,"7015 W US 290 HWY EB Unit HP
AUSTIN, TX 78749
",10220716,Routine Inspection
Starbucks Coffee #15747,78726,2/10/2015,92,"11521 N FM 620 RD Bunit 950
AUSTIN, TX 78726
",10657955,Routine Inspection
Starbucks Coffee Company,78613,4/27/2015,97,"14028 N US 183 HWY SVRD SB Bldg H
AUSTIN, TX 78613
",11034139,Routine Inspection
Stepping Stone School,78728,1/15/2015,96,"2001 W WELLS BRANCH PKWY
AUSTIN, TX 78728
",2800933,Routine Inspection
Stop 71,78735,3/10/2016,86,"8314 W SH 71
AUSTIN, TX 78735
",2803909,Routine Inspection
Stop 71,78735,7/8/2014,92,"8314 W SH 71
AUSTIN, TX 78735
",2803909,1st Follow Up to Routine of 50 - 69
Subway,78750,1/23/2015,94,"12129 N FM 620 RD Bunit 202
AUSTIN, TX 78750
",2801660,Routine Inspection
Subway,78727,3/2/2015,96,"3407 W WELLS BRANCH PKWY Unit 900-A
AUSTIN, TX 78727
",11004879,Routine Inspection
Subway # 7225,78749,1/22/2016,84,"6705 W US 290 HWY Unit 609
AUSTIN, TX 78749
",11298947,Routine Inspection
Subway- Del Valle,78617,1/6/2015,90,"2401 E SH 71 WB
AUSTIN, TX 78617
",2802586,Routine Inspection
Super Maxx,78725,2/24/2015,100,"7801 FM 969 RD
AUSTIN, TX 78725
",11039493,Routine Inspection
Super Moreliana Grocery Store,78744,3/12/2015,94,"6112 S US 183 HWY SB
AUSTIN, TX 78744
",10726889,Routine Inspection
Super Moreliana-Meat Mkt.,78744,3/12/2015,93,"6112 S US 183 HWY SB
AUSTIN, TX 78744
",10726924,Routine Inspection
Super Moreliana-Taqueria,78744,2/5/2015,91,"6112 S US 183 HWY SB
AUSTIN, TX 78744
",10726921,Routine Inspection
Sushi BangBang Inc.,78717,10/19/2016,85,"14005 N US 183 HWY SVRD NB Unit 1000
AUSTIN, TX 78717
",11503556,Routine Inspection
Sweet Treets Bakery,78749,3/4/2016,95,"6705 W US 290 HWY Unit 601
AUSTIN, TX 78749
",11060796,Routine Inspection
TJ Donuts and Kolaches,78750,1/15/2015,94,"12129 N FM 620 RD
AUSTIN, TX 78750
",10395213,Routine Inspection
Taco Bell #030116,78750,1/21/2015,94,"13770 N US 183 HWY SB Unit 170
AUSTIN, TX 78750
",11066599,Routine Inspection
Taco Bell #030139,78727,2/13/2015,97,"3501 W WELLS BRANCH PKWY
AUSTIN, TX 78727
",11066744,Routine Inspection
Taco Cabana Patio Rest #125,78750,4/7/2016,86,"13376 N US 183 HWY SB
AUSTIN, TX 78750
",2800474,Routine Inspection
Taqueria Chapala #3,78735,2/1/2016,71,"6116 W US 290 HWY WB
AUSTIN, TX 78735
",2803037,Routine Inspection
Taqueria La Tapatia,78750,1/18/2017,83,"13450 N US 183 HWY SB Unit 243
AUSTIN, TX 78750
",10002586,Routine Inspection
Taqueria Morelos,78744,1/28/2016,88,"3100 S US 183 HWY SB
AUSTIN, TX 78744
",2802982,Routine Inspection
Target #1953 (Grocery),78726,3/24/2016,96,"11220 FM 2222 RD
AUSTIN, TX 78726
",2802523,Routine Inspection
Target T-1953 (Starbucks),78726,3/23/2016,92,"11220 FM 2222 RD
AUSTIN, TX 78726
",2802524,Routine Inspection
Tex Con Oil Company,78736,9/8/2016,97,"8225 W SH 71
AUSTIN, TX 78736
",11474807,Routine Inspection
Texadelphia,78613,1/22/2016,86,"14010 N US 183 HWY SVRD SB
AUSTIN, TX 78613
",2802968,Routine Inspection
Texas Land & Cattle,78613,1/19/2017,87,"14010 N US 183 HWY SVRD SB Unit 100
AUSTIN, TX 78613
",2802509,Routine Inspection
Texas Mutual Cafe,78752,3/14/2016,97,"6210 E US 290 HWY WB
AUSTIN, TX 78752
",10902675,Routine Inspection
Texas Roadhouse,78729,1/26/2016,90,"13435 N US 183 HWY NB Bldg 7
AUSTIN, TX 78729
",10002062,Routine Inspection
Texas Roadhouse,78660,3/22/2016,82,"15415 N IH 35 SVRD NB
AUSTIN, TX 78660
",10039858,Routine Inspection
Thai Passion,78750,1/3/2017,73,"13376 N US 183 HWY SB Unit 400
AUSTIN, TX 78750
",11258415,Routine Inspection
Thai Taste,78735,3/18/2015,75,"7010 W SH 71 Unit 180
AUSTIN, TX 78735
",10446066,Routine Inspection
The Children's Center of Austin,78733,1/20/2015,100,"8100 FM 2244 RD
AUSTIN, TX 78733
",2802860,Routine Inspection
The Coffee Bean & Tea Leaf ,78750,2/13/2017,98,"13376 N US 183 HWY SB
AUSTIN, TX 78750
",10531031,Routine Inspection
The Egg & I Restaurant (#362 Austin-Walden),78717,3/10/2016,88,"14005 N US 183 HWY SVRD NB Unit 500
AUSTIN, TX 78717
",11356774,Routine Inspection
The Grove,78746,4/20/2016,90,"6317 FM 2244 RD Bunit 380
AUSTIN, TX 78746
",10076097,Routine Inspection
The Melting Pot,78729,1/22/2015,97,"13343 N US 183 HWY NB Unit 350
AUSTIN, TX 78729
",2802600,Routine Inspection
Third Base,78729,4/23/2015,97,"13301 N US 183 HWY NB
AUSTIN, TX 78729
",10938348,Routine Inspection
Thirsty Turtle,78660,1/14/2016,96,"1200 W HOWARD LN Bunit J
AUSTIN, TX 78660
",11268694,Routine Inspection
Thundercloud Subs,78732,1/17/2017,89,"6920 N FM 620 RD
AUSTIN, TX 78732
",2800958,Routine Inspection
Thundercloud Subs,78750,4/17/2015,97,"13776 N US 183 HWY SB
AUSTIN, TX 78750
",2801337,Routine Inspection
Tino's Greek Cafe,78750,3/4/2015,89,"13450 N US 183 HWY SB Unit 237
AUSTIN, TX 78750
",2802725,Routine Inspection
Tokyo Garden Catering,78613,4/7/2015,100,"14028 N US 183 HWY SVRD SB
AUSTIN, TX 78613
",10854075,Routine Inspection
Tokyo Gardens Catering,78750,3/17/2016,92,"12860 N US 183 HWY SVRD SB
AUSTIN, TX 78750
",10747724,Routine Inspection
Total Fitness and Nutrition,78750,4/5/2016,96,"13776 N US 183 HWY SB Unit 125
AUSTIN, TX 78750
",2802669,Routine Inspection
Tous Les Jours,78757,2/19/2016,85,"6808 N LAMAR BLVD Bunit 115
AUSTIN, TX 78757
",10849013,Routine Inspection
Tucci's Southside Subs,78736,5/5/2015,93,"7101 W SH 71
AUSTIN, TX 78736
",2803090,Routine Inspection
Vazquez Restaurant #3,78729,7/21/2016,94,"13729 N US 183 HWY NB Unit 860
AUSTIN, TX 78729
",11434703,Routine Inspection
"Verts Mediterranean Grill, Inc. ",78726,1/21/2015,86,"11521 N FM 620 RD Bunit 1300
AUSTIN, TX 78726
",10828829,Routine Inspection
Via 313 Pizza,78749,6/9/2016,78,"6705 W US 290 HWY Unit 503
AUSTIN, TX 78749
",11318005,Routine Inspection
Waffle House #1683,78754,1/14/2016,87,"8800 E US 290 HWY WB
AUSTIN, TX 78754
",11341102,Routine Inspection
Wagner Brothers Backyard,78660,2/24/2016,93,"15505 N IH 35 SVRD NB
AUSTIN, TX 78660
",11328035,Routine Inspection
Wal-Mart #2133-Milk/ Ice Cream,78749,1/22/2015,100,"5017 W US 290 HWY EB
AUSTIN, TX 78749
",10002963,Routine Inspection
Wal-Mart Supercenter #1129,78729,4/8/2015,100,"13201 N FM 620 RD NB
AUSTIN, TX 78729
",2804123,Routine Inspection
Wal-Mart Supercenter #2133,78749,1/22/2015,96,"5017 W US 290 HWY EB
AUSTIN, TX 78749
",10094665,Routine Inspection
Wal-Mart Supercenter #2133 -Bakery,78749,1/22/2015,100,"5017 W US 290 HWY EB
AUSTIN, TX 78749
",10193642,Routine Inspection
Wal-Mart Supercenter #2133 -Deli,78749,1/22/2015,92,"5017 W US 290 HWY EB
AUSTIN, TX 78749
",10193630,Routine Inspection
Wal-Mart Supercenter #2133 -Meat,78749,1/23/2015,100,"5017 W US 290 HWY EB
AUSTIN, TX 78749
",10193646,Routine Inspection
Wal-Mart Supercenter #2133 -Produce,78749,1/22/2015,97,"5017 W US 290 HWY EB
AUSTIN, TX 78749
",10193644,Routine Inspection
Wal-Mart Supercenter-Bakery #1129,78729,4/8/2015,100,"13201 N FM 620 RD NB
AUSTIN, TX 78729
",2801150,Routine Inspection
Walgreen's #01970,78727,1/5/2015,100,"3407 W WELLS BRANCH PKWY
AUSTIN, TX 78727
",2804025,Routine Inspection
Walgreens,78730,1/4/2017,97,"6911 N FM 620 RD
AUSTIN, TX 78730
",2803852,Routine Inspection
Walgreens #11853,78729,2/11/2016,99,"13435 N US 183 HWY NB Bldg 8
AUSTIN, TX 78729
",10501111,Routine Inspection
"Wanna Play, LLC",78613,2/3/2017,100,"14010 N US 183 HWY SVRD SB
AUSTIN, TX 78613
",10103530,Routine Inspection
Waterhole Saloon,78617,2/22/2016,95,"5244 E SH 71 EB
AUSTIN, TX 78617
",10095792,Routine Inspection
Wells Branch Food Mart,78727,9/1/2016,79,"3505 W WELLS BRANCH PKWY
AUSTIN, TX 78727
",11497573,Routine Inspection
West Rural Community Center,78735,2/13/2015,100,"8656 W SH 71 Bldg A
AUSTIN, TX 78735
",10000953,Routine Inspection
Whataburger #709,78729,4/3/2015,100,"13201 N FM 620 RD NB
AUSTIN, TX 78729
",2801398,Routine Inspection
Which Wich,78750,9/20/2016,88,"13450 N US 183 HWY SB Unit 239A
AUSTIN, TX 78750
",11474496,Routine Inspection
Whitney's Magical Treats,78750,11/3/2016,98,"13776 N US 183 HWY SB Unit 139
AUSTIN, TX 78750
",11509518,Routine Inspection
Willie's Burgers and BBQ,78669,1/9/2017,90,"21018 W SH 71 Unit 200
SPICEWOOD, TX 78669
",10030534,Routine Inspection
Xian Sushi and Noodle #2,78729,2/25/2015,90,"13201 N FM 620 RD NB
AUSTIN, TX 78729
",10174832,Routine Inspection
"YZ Research Blvd, LLC",78750,5/14/2016,98,"12854 N US 183 HWY SB
AUSTIN, TX 78750
",11432789,Routine Inspection
Zaytouna Lounge,78758,1/8/2016,100,"11800 N LAMAR BLVD Bunit B
AUSTIN, TX 78758
",10707423,Routine Inspection
